,,,,,,,,,,,,,,
"MTDrive — bill of materials, schematic V2.0",,,,,,,,,,,,,,
"All components THT except U1, C34 and C35. Suggested footprints require PCB confirmation.",,,,,,,,,,,,,,
,,,,,,,,,,,,,,
References,Qty,Value,Function / location,Technology / specification,Mount,Package / footprint to confirm,Voltage rating (V),Power rating (W),Manufacturer P/N,Supplier P/N,Status / engineering check,,Review priorities,
C1,1,1000 uF,Main DC bus,"Aluminium electrolytic, ripple/ESR specified",THT,Radial; size and pitch TBD,100,,,,Existing 63 V marking to revise; verify surge and physical fit,,D5,Thermal dissipation in 12 A common input
C2,1,10 uF,Main DC bus,Aluminium electrolytic,THT,Radial; size and pitch TBD,100,,,,Existing 63 V marking to revise,,R9-R12,220 ohm in supplied schematic; confirm actual build
C3,1,100 nF,Main DC bus,Ceramic X7R; effective capacitance at 36 V,THT,Radial disc; pitch TBD,100,,,,Existing 63 V marking to revise,,U1,74AHCT125 versus 74HCT125 identification
C4-C7,4,1 nF,Gate network,Ceramic C0G/NP0,THT,Radial disc; pitch TBD,50,,,,Confirm exact gate-source voltage,,PCB,Verify all proposed footprints and motor switching nets
"C8,C10,C12,C15",4,100 pF,Gate network,Ceramic C0G/NP0,THT,Radial disc; pitch TBD,50,,,,,,,
"C9,C11,C13,C14",4,1 nF,Motor snubbers,Pulse-rated polypropylene film,THT,Radial film; pitch TBD,160,,,,160 V provisional; check measured transient and pulse rating,,,
"C16,C18,C20,C22",4,22 uF,Channel bus,Aluminium electrolytic; ripple/ESR specified,THT,Radial; size and pitch TBD,100,,,,,,,
"C17,C19,C21,C23",4,100 nF,Channel bus,Ceramic X7R; DC bias checked,THT,Radial disc; pitch TBD,100,,,,,,,
"C24,C27-C29",4,1 nF,Buffer output filter,Ceramic C0G/NP0,THT,Radial disc; pitch TBD,50,,,,Only buffer supply capacitors C34/C35 are SMD,,,
C25,1,100 uF,5 V input,Aluminium electrolytic,THT,Radial; size and pitch TBD,16,,,,,,,
C26,1,100 nF,5 V input,Ceramic X7R,THT,Radial disc; pitch TBD,25,,,,,,,
C34,1,100 nF,U1 local 5 V decoupling,Ceramic X7R,SMD,0805 candidate; verify PCB,25,,,,One of the two SMD capacitors,,,
C35,1,1 uF,U1 local 5 V decoupling,Ceramic X7R; DC bias checked,SMD,0805/1206 candidate; verify PCB,25,,,,One of the two SMD capacitors,,,
D1-D4,4,15SQ100,Per-channel freewheel diode,"Schottky, 100 V / 15 A nominal; thermal check",THT,R-6 axial; verify exact vendor,,,,,Datasheet link in screenshot points to unrelated 1N5817,,,
D5,1,15SQ100,Series input polarity diode,"Schottky, 100 V / 15 A nominal; thermal check at 12 A",THT,R-6 axial; verify exact vendor,,,,,Critical thermal review of common 12 A path,,,
D6,1,1.5KE43A,Supply TVS,Unidirectional TVS; verify polarity and surge energy,THT,DO-201 axial candidate; confirm vendor,,,,,Check clamp voltage against all bus parts,,,
D7-D10,4,1N4148,Gate clamp network,Small-signal switching diode,THT,DO-35 axial,,,,,Check orientation and forward-current pulses,,,
F1-F4,4,MF-R500 5A PTC,Per-channel resettable protection,PTC hold/trip current at operating temperature,THT,Radial PTC; pitch TBD,,,,,Verify I_hold at 50 C for 3 A and startup trip behavior,,,
J1,1,Power Terminal,Pump supply input,Terminal block; >=12 A continuous plus margin,THT,Pitch and footprint TBD,,,,,Check total current and cable gauge,,,
J2,1,PWM Terminal,Logic supply and 4 PWM inputs,Terminal block; pinout and pitch TBD,THT,Pitch and footprint TBD,,,,,,,,
J3,1,Pumps Terminal,Four motor outputs,Terminal block; >=3 A each plus margin,THT,Pitch and footprint TBD,,,,,Check each contact rating,,,
Q1-Q4,4,IRLZ44N,Four switching MOSFETs,Logic-level N-channel; hot R_DS(on)/SOA check,THT,TO-220-3; verify PCB orientation,,,,,Confirm pin mapping and net topology before power testing,,,
R5-R8,4,10 kohm,Gate pull-down,Resistor; tolerance TBD,THT,Axial; pitch TBD,,"0,25",,,Power rating provisional,,,
R9-R12,4,220 ohm,Snubber resistor,Pulse-rated resistor,THT,Axial; pitch TBD,,"0,5",,,"Schematic shows 220 ohm / 0.5 W, not 22 ohm; verify pulse energy",,,
R13-R16,4,100 ohm,Gate series resistor,Resistor; pulse behavior check,THT,Axial; pitch TBD,,"0,25",,,Power rating provisional,,,
R17-R20,4,100 kohm,PWM input pull-down,Resistor,THT,Axial; pitch TBD,,"0,25",,,Power rating provisional,,,
R21-R24,4,1 kohm,PWM input series resistor,Resistor,THT,Axial; pitch TBD,,"0,25",,,Power rating provisional,,,
U1,1,74AHCT125,Quad logic buffer,3.3 V compatible input at 5 V supply; exact P/N TBD,SMD,SOIC-14 candidate; verify PCB,,,,,Screenshot says 74AHCT125; verify BOM and actual IC marking,,,
